"param","m","l","u","rhat","ess"
"sigma",0.010810034838747,0.00478925073670882,0.0233677845322118,1.01508023460534,106.806623692339
