"param","m","l","u","rhat","ess"
"sigma",0.0421719444129388,0.0214073892271753,0.0710329057742501,1.00833699366934,131.608737394107
