"param","m","l","u","rhat","ess"
"sigma",0.0416832661526024,0.0215757551525861,0.0737252577713293,1.02324888453071,124.703076503173
