"param","m","l","u","rhat","ess"
"sigma",0.0192833101579213,0.00799332592703241,0.0368714782046286,1.02786008072971,110.685461026078
